workers,measured_speedup,amdahl_estimated,amdahl_f_0_5,amdahl_f_0_9,amdahl_f_0_99,karp_flatt_serial_fraction,gustafson_speedup
1,1.000000,1.000000,1.000000,1.000000,1.000000,N/A,1.000000
2,5.983588,5.983588,1.333333,1.818182,1.980198,-0.666,2.665752
4,8.070970,8.070970,1.600000,3.076923,3.883495,-0.168,4.504397
8,8.699970,8.699970,1.777778,4.705882,7.476636,-0.011,8.080457
