workers,measured_speedup,amdahl_estimated,amdahl_f_0_5,amdahl_f_0_9,amdahl_f_0_99
1,1.000000,1.000000,1.000000,1.000000,1.000000
2,0.289113,0.289113,1.333333,1.818182,1.980198
4,0.403468,0.403468,1.600000,3.076923,3.883495
8,0.430523,0.430523,1.777778,4.705882,7.476636
