epoch,loss,accuracy,wall_sec
1,2.111640,0.217000,54.665552
