epoch,loss,accuracy,wall_sec
1,2.133274,0.199200,34.392756
