epoch,loss,accuracy,wall_sec
1,1.804582,0.348560,742.359768
