epoch,loss,accuracy,wall_sec
1,1.996762,0.268427,164.620487
2,1.810722,0.352935,210.130015
