workers,threads,input_size,mean_wall_sec,speedup,efficiency
3,1,75750,670.203000,1.000000,1.000000
3,2,75750,524.438500,1.277944,0.638972
3,4,75750,493.836500,1.357135,0.339284
3,8,75750,509.213500,1.316153,0.164519
