workers,threads,input_size,mean_wall_sec,speedup,efficiency
3,1,75750,157.255500,1.000000,1.000000
3,2,75750,145.608000,1.079992,0.539996
3,4,75750,149.334000,1.053046,0.263261
3,8,75750,163.156500,0.963832,0.120479
